x,y,newlib,openlibm,matlab,maple,mpfr64,mpfr128,mathematica,
2.225074e-308,0.000000e+00,0,0,0,0,0,0,0,
0.000000e+00,-2.225074e-308,643371375338643,643371375338643,643371375338643,3860228252031853,643371375338643,643371375338643,643371375338640,
1.797693e+308,1.797693e+308,0,0,0,0,0,0,0,
2.225074e-308,2.225074e-308,1286742750677285,1286742750677285,1286742750677285,3216856876693211,1286742750677285,1286742750677285,3216856876693211,
