x,y,newlib,openlibm,matlab,maple,mpfr64,mpfr128,mathematica,
2.225074e-308,0.000000e+00,4882544099567247168,4882544099567247168,4882544099567247168,12866476598490992,4882544099567247168,4882544099567247168,4887047699194617664,
0.000000e+00,-2.225074e-308,4882542855147604311,4882542855147604311,4882542855147604311,12865543283758849,4882542855147604311,4882542855147604311,4882542855147604311,
1.797693e+308,1.797693e+308,0,0,0,0,0,0,0,
2.225074e-308,2.225074e-308,4873535655892863319,4873535655892863319,4873535655892863319,12865543283758849,4873535655892863319,4873535655892863319,4882542855147604311,
