x,y,newlib,openlibm,matlab,maple,mpfr64,mpfr128,mathematica,
1.200000e+01,0.000000e+00,272465558669924016,272465558669924016,4895410576165738160,0,272465558669924016,272465558669924016,4899914175793108656,
2.225074e-308,0.000000e+00,4890904798803992664,4890904798803992664,4895408398431363160,0,4890904798803992664,4890904798803992664,4895408398431363160,
0.000000e+00,0.000000e+00,4895408398431363160,4895408398431363160,4327963638423412646,0,4895408398431363160,4895408398431363160,9498087217604010072,
1.797693e+308,0.000000e+00,4327963638423412646,4327963638423412646,4886401199176622168,0,4327963638423412646,4327963638423412646,4895408398431363160,
2.225074e-308,0.000000e+00,4890908099585242664,4890908099585242664,4895411699212613160,0,4890908099585242664,4890908099585242664,4899915298839983656,
