x,newlib,openlibm,maple,mpfr64,mpfr128,intel-mkl,mathematica,
0.00000000000000000000,2.00000000000000000000,2.00000000000000000000,0.00000000000000000000,1.00000000000000000000,0.00000000000000000000,not_finite,0.00000000000000000000,
25.00000000000000000000,0.00000000000000000000,0.00000000000000000000,0.00000000000000000000,5.00000000000000000000,7.00000000000000000000,not_finite,0.00000000000000000000,
0.25000000000000000000,1.00000000000000000000,0.00000000000000000000,0.00000000000000000000,0.00000000000000000000,1.00000000000000000000,not_finite,0.00000000000000000000,
64.00000000000000000000,1.00000000000000000000,0.00000000000000000000,0.00000000000000000000,1.00000000000000000000,0.00000000000000000000,not_finite,0.00000000000000000000,
0.64000000000000001332,1.00000000000000000000,0.00000000000000000000,0.00000000000000000000,1.00000000000000000000,1.00000000000000000000,not_finite,0.00000000000000000000,
