x,newlib,openlibm,maple,mpfr64,mpfr128,intel-mkl,mathematica,
0.00000000000000000000,0,0,0,0,0,0,0,
25.00000000000000000000,0,0,0,0,0,0,0,
0.25000000000000000000,0,0,0,0,0,0,0,
64.00000000000000000000,0,0,0,0,0,0,0,
0.64000000000000001332,1,1,1,0,0,1,1,
