x,newlib,openlibm,matlab,maple,mpfr64,mpfr128,crlibm,intel-mkl,libmcr,mathematica,
0.00000000000000000000,5.00000000000000000000,4.00000000000000000000,0.00000000000000000000,0.00000000000000000000,1.00000000000000000000,1.00000000000000000000,0.00000000000000000000,not_finite,1.00000000000000000000,0.00000000000000000000,
1.00000000000000000000,4.00000000000000000000,3.00000000000000000000,0.00000000000000000000,0.00000000000000000000,1.00000000000000000000,1.00000000000000000000,1.00000000000000000000,not_finite,1.00000000000000000000,0.00000000000000000000,
-1.00000000000000000000,0.00000000000000000000,0.00000000000000000000,0.00000000000000000000,0.00000000000000000000,1.00000000000000000000,0.00000000000000000000,1.00000000000000000000,not_finite,1.00000000000000000000,0.00000000000000000000,
0.57735026918962573106,0.00000000000000000000,1.00000000000000000000,0.00000000000000000000,0.00000000000000000000,12.00000000000000000000,12.00000000000000000000,1.00000000000000000000,not_finite,0.00000000000000000000,0.00000000000000000000,
-0.57735026918962573106,0.00000000000000000000,0.00000000000000000000,0.00000000000000000000,0.00000000000000000000,11.00000000000000000000,17.00000000000000000000,0.00000000000000000000,not_finite,1.00000000000000000000,0.00000000000000000000,
1.73205080756887719318,0.00000000000000000000,0.00000000000000000000,0.00000000000000000000,0.00000000000000000000,11.00000000000000000000,11.00000000000000000000,1.00000000000000000000,not_finite,0.00000000000000000000,0.00000000000000000000,
-1.73205080756887719318,1.00000000000000000000,0.00000000000000000000,0.00000000000000000000,0.00000000000000000000,11.00000000000000000000,11.00000000000000000000,1.00000000000000000000,not_finite,1.00000000000000000000,0.00000000000000000000,
