identity,x,y,newlib,openlibm,mpfr64,mpfr128,intel-mkl,mathematica,
sqrt(a)/sqrt(b)=sqrt(a/b),0.00000000000000000000,            5.000000,0,0,0,0,0,0,
sqrt(a)/sqrt(b)=sqrt(a/b),2.00000000000000000000,            2.000000,0,0,0,0,0,0,
sqrt(a)/sqrt(b)=sqrt(a/b),2.00000000000000000000,            0.000000,0,0,0,0,0,0,
sqrt(a)/sqrt(b)=sqrt(a/b),0.00000000000000000000,999999999999999983222784.000000,1,1,0,0,1,0,
sqrt(a)/sqrt(b)=sqrt(a/b),0.00000000000000000000,            0.000000,1,1,0,0,1,0,
sqrt(a)/sqrt(b)=sqrt(a/b),2.00000000000000000000,            0.000000,0,0,0,0,0,0,
sqrt(a)/sqrt(b)=sqrt(a/b),0.00000000000000000000,179769313486231570814527423731704356798070567525844996598917476803157260780028538760589558632766878171540458953514382464234321326889464182768467546703537516986049910576551282076245490090389328944075868508455133942304583236903222948165808559332123348274797826204144723168738177180919299881250404026184124858368.000000,2251799813685248,2251799813685248,0,0,2251799813685248,0,
sqrt(a)/sqrt(b)=sqrt(a/b),179769313486231570814527423731704356798070567525844996598917476803157260780028538760589558632766878171540458953514382464234321326889464182768467546703537516986049910576551282076245490090389328944075868508455133942304583236903222948165808559332123348274797826204144723168738177180919299881250404026184124858368.00000000000000000000,            0.000000,not_finite,not_finite,0,0,not_finite,0,
sqrt(a)/sqrt(b)=sqrt(a/b),0.00000000000000000000,            3.000000,1,1,0,0,1,0,
sqrt(a)/sqrt(b)=sqrt(a/b),179769313486231570814527423731704356798070567525844996598917476803157260780028538760589558632766878171540458953514382464234321326889464182768467546703537516986049910576551282076245490090389328944075868508455133942304583236903222948165808559332123348274797826204144723168738177180919299881250404026184124858368.00000000000000000000,            3.000000,0,0,0,0,0,0,
