x,newlib,openlibm,matlab,mpfr64,mpfr128,crlibm,intel-mkl,libmcr,mathematica,
0.00000000000000000000,15.00000000000000000000,15.00000000000000000000,0.00000000000000000000,21.00000000000000000000,20.00000000000000000000,1.00000000000000000000,not_finite,2.00000000000000000000,0.00000000000000000000,
-0.00000000000000000000,0.00000000000000000000,1.00000000000000000000,0.00000000000000000000,0.00000000000000000000,1.00000000000000000000,0.00000000000000000000,not_finite,0.00000000000000000000,0.00000000000000000000,
