x,y,openlibm,matlab,maple,mpfr64,mpfr128,mathematica,
1.200000e+01,0.000000e+00,0,4622945017495814144,272465558669924016,0,0,4627448617123184640,
2.225074e-308,0.000000e+00,0,4503599627370496,4890904798803992664,0,0,4503599627370496,
0.000000e+00,0.000000e+00,0,9223372036854775806,4895408398431363160,0,0,4602678819172646912,
1.797693e+308,0.000000e+00,0,9214364837600034814,4327963638423412646,0,0,9223372036854775806,
2.225074e-308,0.000000e+00,0,4503599627370496,4890908099585242664,0,0,9007199254740992,
