x,y,openlibm,matlab,maple,mpfr64,mpfr128,mathematica,
2.225074e-308,0.000000e+00,0,0,4895410576165738160,0,0,0,
0.000000e+00,-2.225074e-308,0,0,4895408398431363160,0,0,3,
1.797693e+308,1.797693e+308,0,0,4327963638423412646,0,0,9214364837600034817,
2.225074e-308,2.225074e-308,0,0,4886401199176622168,0,0,4503599627370496,
