x,newlib,openlibm,matlab,maple,mpfr64,mpfr128,crlibm,intel-mkl,mathematica,
0.000000e+00,0,0,0,0,0,0,0,0,0,
1.000000e+00,-4,-4,-4,26,-4,-4,-4,-4,-4,
-1.000000e+00,4,4,4,-26,5,5,4,4,4,
5.000000e-01,-1,-1,-1,7,0,0,-1,-1,-1,
-5.000000e-01,0,0,0,-8,0,0,0,0,0,
7.071068e-01,-1,-1,-1,3,0,0,-1,-1,-1,
-7.071068e-01,1,1,1,-3,1,1,1,1,1,
8.660254e-01,-3,-3,-3,31,-3,-3,-3,-3,-3,
-8.660254e-01,3,3,3,-31,4,4,3,3,3,
0.000000e+00,0,0,0,0,0,0,0,0,0,
