-Infinity,-Infinity,-Infinity
Infinity,-Infinity,-Infinity
-Infinity,Infinity,-Infinity
Infinity,Infinity,Infinity
Indeterminate,Indeterminate,Indeterminate
12.,Indeterminate,Indeterminate
Indeterminate,12.,Indeterminate
2.2250738585072014e-308,0.,0.
0.,-2.2250738585072014e-308,-2.2250738585072014e-308
1.7976931348623155e308,1.7976931348623157e308,1.7976931348623155e308
2.2250738585072019e-308,2.2250738585072014e-308,2.2250738585072014e-308