x,y,newlib,openlibm,matlab,maple,mpfr64,mpfr128,mathematica,
2.225074e-308,0.000000e+00,0.000000e+00,1.000000e+00,6.916696e-310,0.000000e+00,0.000000e+00,1.000000e+00,0.000000e+00,
0.000000e+00,-2.225074e-308,1.000000e+00,0.000000e+00,6.916696e-310,0.000000e+00,1.000000e+00,0.000000e+00,0.000000e+00,
1.797693e+308,1.797693e+308,0.000000e+00,0.000000e+00,6.916696e-310,0.000000e+00,0.000000e+00,0.000000e+00,0.000000e+00,
2.225074e-308,2.225074e-308,0.000000e+00,1.000000e+00,6.916696e-310,0.000000e+00,1.000000e+00,0.000000e+00,not_finite,
