x,y,newlib,openlibm,matlab,mpfr64,mpfr128,intel-mkl,mathematica,
0.00000000000000000000,0.00000000000000000000,0.00000000000000000000,0.00000000000000000000,0.00000000000000000000,1.00000000000000000000,1.00000000000000000000,not_finite,0.00000000000000000000,
0.00000000000000000000,-0.00000000000000000000,4.00000000000000000000,0.00000000000000000000,0.00000000000000000000,1.00000000000000000000,1.00000000000000000000,not_finite,0.00000000000000000000,
0.00000000000000000000,0.00000000000000000000,0.00000000000000000000,0.00000000000000000000,0.00000000000000000000,1.00000000000000000000,1.00000000000000000000,not_finite,0.00000000000000000000,
-0.00000000000000000000,-0.00000000000000000000,0.00000000000000000000,0.00000000000000000000,0.00000000000000000000,1.00000000000000000000,1.00000000000000000000,not_finite,0.00000000000000000000,
-0.00000000000000000000,0.00000000000000000000,1.00000000000000000000,1.00000000000000000000,0.00000000000000000000,1.00000000000000000000,1.00000000000000000000,not_finite,0.00000000000000000000,
