x,matlab,crlibm,intel-mkl,
0.000000e+00,0,0,0,
1.000000e+00,0,0,0,
-1.000000e+00,0,0,0,
5.000000e-01,1,1,0,
-5.000000e-01,0,0,0,
7.071068e-01,0,0,1,
-7.071068e-01,0,0,0,
8.660254e-01,0,0,0,
-8.660254e-01,0,0,0,
