x,y,newlib,openlibm,matlab,mpfr64,mpfr128,intel-mkl,mathematica,
0.000000e+00,0.000000e+00,4605249457297304856,4605249457297304856,4503599627370496,4605249457297304856,4605249457297304856,4605249457297304856,not_finite,
2.225074e-308,-2.225074e-308,0,0,9217737554411343594,0,0,0,9217737554411343594,
2.225074e-308,2.225074e-308,0,0,9007199254740992,0,0,0,0,
-2.225074e-308,-2.225074e-308,1,1,9224976194228077477,0,0,1,1,
-2.225074e-308,2.225074e-308,1,1,9217737554411343595,0,0,1,9217737554411343595,
