x,openlibm,matlab,maple,mpfr64,mpfr128,intel-mkl,mathematica,
0.000000e+00,0,0,0,0,0,0,0,
2.500000e+01,0,0,0,0,0,0,0,
2.500000e-01,0,0,0,0,0,0,0,
6.400000e+01,0,0,0,0,0,0,0,
6.400000e-01,0,0,0,1,1,0,0,
