x,y,newlib,openlibm,matlab,mpfr64,mpfr128,intel-mkl,mathematica,
0.000000e+00,0.000000e+00,0.000000e+00,0.000000e+00,6.922696e-310,1.000000e+00,1.000000e+00,not_finite,0.000000e+00,
2.225074e-308,-2.225074e-308,4.000000e+00,0.000000e+00,6.922696e-310,1.000000e+00,1.000000e+00,not_finite,0.000000e+00,
2.225074e-308,2.225074e-308,0.000000e+00,0.000000e+00,6.922696e-310,1.000000e+00,1.000000e+00,not_finite,0.000000e+00,
-2.225074e-308,-2.225074e-308,0.000000e+00,0.000000e+00,6.922696e-310,1.000000e+00,1.000000e+00,not_finite,0.000000e+00,
-2.225074e-308,2.225074e-308,1.000000e+00,1.000000e+00,6.922696e-310,1.000000e+00,1.000000e+00,not_finite,0.000000e+00,
