x,newlib,openlibm,matlab,mpfr64,mpfr128,crlibm,intel-mkl,libmcr,
1.000000e+00,6.000000e+00,3.000000e+00,3.147016e-317,2.000000e+00,1.000000e+00,1.000000e+00,1.797693e+308,1.000000e+00,
2.718282e+00,1.000000e+00,1.000000e+00,3.147016e-317,3.300000e+01,2.700000e+01,1.000000e+00,1.797693e+308,2.000000e+00,
2.718282e+00,0.000000e+00,1.000000e+00,3.147016e-317,4.000000e+00,6.000000e+00,0.000000e+00,1.797693e+308,0.000000e+00,
