x,newlib,openlibm,matlab,maple,mpfr64,mpfr128,mathematica,
-2.225074e-308,643371375338642,643371375338642,643371375338642,3860228252031854,643371375338642,643371375338642,643371375338642,
2.225074e-308,0,0,0,0,0,0,0,
-1.000000e+00,1286742750677285,1286742750677285,1286742750677285,4601392076421969627,1286742750677285,1286742750677285,1286742750677285,
1.000000e+00,0,0,0,0,0,0,0,
1.797693e+308,0,0,0,0,0,0,0,
-1.797693e+308,0,0,0,0,0,0,0,
