x,y,newlib,openlibm,matlab,mpfr64,mpfr128,crlibm,intel-mkl,libmcr,mathematica,
0.000000e+00,0.000000e+00,0,0,0,0,0,0,0,0,not_finite,
0.000000e+00,0.000000e+00,4003199668773774,4003199668773774,4003199668773774,4003199668773774,4003199668773774,4603179219131243634,4603179219131243634,4603179219131243634,4603179219131243634,
1.200000e+01,0.000000e+00,not_finite,not_finite,10808639105689190,not_finite,not_finite,4596373779694328218,4596373779694328218,4596373779694328218,4596373779694328218,
0.000000e+00,0.000000e+00,5504399544563940,5504399544563940,4601678019255453468,5504399544563940,5504399544563940,4601678019255453468,4601678019255453468,4601678019255453468,4601678019255453468,
8.000000e+00,0.000000e+00,0,0,0,0,0,0,0,0,0,
1.100000e+01,0.000000e+00,0,0,0,0,0,0,0,0,0,
