x,matlab,crlibm,intel-mkl,
0.000000e+00,3.147016e-317,5.000000e+00,1.797693e+308,
1.000000e+00,3.147016e-317,1.000000e+00,1.797693e+308,
-1.000000e+00,3.147016e-317,0.000000e+00,1.797693e+308,
5.000000e-01,3.147016e-317,0.000000e+00,1.797693e+308,
-5.000000e-01,3.147016e-317,1.000000e+00,1.797693e+308,
7.071068e-01,3.147016e-317,0.000000e+00,1.797693e+308,
-7.071068e-01,3.147016e-317,0.000000e+00,1.797693e+308,
8.660254e-01,3.147016e-317,2.000000e+00,1.797693e+308,
-8.660254e-01,3.147016e-317,0.000000e+00,1.797693e+308,
