x,newlib,openlibm,matlab,mpfr64,mpfr128,intel-mkl,
0.000000e+00,2.000000e+00,2.000000e+00,3.147016e-317,1.000000e+00,0.000000e+00,1.797693e+308,
2.500000e+01,0.000000e+00,0.000000e+00,3.147016e-317,5.000000e+00,7.000000e+00,1.797693e+308,
2.500000e-01,1.000000e+00,0.000000e+00,3.147016e-317,0.000000e+00,1.000000e+00,1.797693e+308,
6.400000e+01,1.000000e+00,0.000000e+00,3.147016e-317,1.000000e+00,0.000000e+00,1.797693e+308,
6.400000e-01,1.000000e+00,0.000000e+00,3.147016e-317,1.000000e+00,1.000000e+00,1.797693e+308,
