x,y,newlib,openlibm,matlab,maple,mpfr64,mpfr128,mathematica,
1.200000e+01,0.000000e+00,259587307517861595,259587307517861595,4878028725386305243,12857645683312421,259587307517861595,259587307517861595,4887035924641046235,
2.225074e-308,0.000000e+00,4878028725386305243,4878028725386305243,4882532325013675739,12857645683312421,4878028725386305243,4878028725386305243,4878028725386305243,
0.000000e+00,0.000000e+00,9206001009720632466,9206001009720632466,12867427506772845,4310611039023644306,9206001009720632466,9206001009720632466,9210504609348002962,
1.797693e+308,0.000000e+00,0,0,0,0,0,0,0,
2.225074e-308,0.000000e+00,9201497410093261969,9201497410093261969,9206001009720632466,4310611039023644306,9201497410093261969,9201497410093261969,12867427506772845,
