x,y,newlib,openlibm,matlab,maple,mpfr64,mpfr128,mathematica,
2.225074e-308,0.000000e+00,1286742750677285,1286742750677285,1286742750677285,3216856876693211,1286742750677285,1286742750677285,3216856876693211,
0.000000e+00,-2.225074e-308,643371375338642,643371375338642,643371375338642,643371375338642,643371375338642,643371375338642,3860228252031851,
1.797693e+308,1.797693e+308,0,0,0,0,0,0,0,
2.225074e-308,2.225074e-308,1286742750677285,1286742750677285,1286742750677285,3216856876693212,1286742750677285,1286742750677285,3216856876693212,
