x,y,newlib,openlibm,matlab,maple,mpfr64,mpfr128,mathematica,
2.225074e-308,0.000000e+00,4878028725386305243,4878028725386305243,4878028725386305243,12857645683312421,4878028725386305243,4878028725386305243,4882532325013675739,
0.000000e+00,-2.225074e-308,4882532325013675739,4882532325013675739,4882532325013675739,12857645683312421,4882532325013675739,4882532325013675739,4887035924641046232,
1.797693e+308,1.797693e+308,0,0,0,0,0,0,0,
2.225074e-308,2.225074e-308,4873536286473220461,4873536286473220461,4873536286473220461,12866016219026706,4873536286473220461,4873536286473220461,4878039886100590958,
