x,y,newlib,openlibm,matlab,mpfr64,mpfr128,mathematica,
2.225074e-308,0.000000e+00,750599937895083,750599937895083,750599937895083,750599937895083,750599937895083,3752999689475413,
0.000000e+00,-2.225074e-308,750599937895082,750599937895082,750599937895082,750599937895082,750599937895082,3752999689475411,
1.797693e+308,1.797693e+308,0,0,0,0,0,0,
2.225074e-308,2.225074e-308,1,1,1,1,1,3,
