x,y,newlib,openlibm,matlab,maple,mpfr64,mpfr128,mathematica,
2.225074e-308,0.000000e+00,4890886371069617664,4890886371069617664,4890886371069617664,0,4890886371069617664,4890886371069617664,4899893570324358656,
0.000000e+00,-2.225074e-308,4895389970696988160,4895389970696988160,4895389970696988160,0,4895389970696988160,4895389970696988160,4890886371069617664,
1.797693e+308,1.797693e+308,4323478466530417151,4323478466530417151,4323478466530417151,0,4323478466530417151,4323478466530417151,4899893570324358656,
2.225074e-308,2.225074e-308,4886402302692247167,4886402302692247167,4886402302692247167,0,4886402302692247167,4886402302692247167,283723483519600256,
