-Infinity,Infinity
Infinity,Infinity
Indeterminate,Indeterminate
-2.2250738585072014e-308,2.2250738585072014e-308
2.2250738585072014e-308,2.2250738585072014e-308
-1.,1.
1.,1.
1.7976931348623157e308,1.7976931348623157e308
-1.7976931348623157e308,1.7976931348623157e308
0.,0.