x^a/x^b=x^(a-b),0.00E+00,5.00E+00,1.00E+00,undefined,undefined
x^a/x^b=x^(a-b),2.00E+00,-2.00E+00,5.00E-01,0.176776695,0.176776695
x^a/x^b=x^(a-b),2.00E+00,0.00E+00,4.00E+00,0.0625,0.0625
x^a/x^b=x^(a-b),-2.00E+00,5.00E+00,1.00E+02,-2.52E-29,-2.52E-29
x^a/x^b=x^(a-b),-2.00E+00,1.00E+02,-1.00E+02,1.61E+60,1.61E+60
x^a/x^b=x^(a-b),8.00E+00,8.00E+00,-5.00E-02,1.86E+07,1.86E+07
x^a/x^b=x^(a-b),-1.00E-22,-1.00E+02,6.00E+00,1.000000000000000e+2332,1.000000000000000e+2332   
x^a/x^b=x^(a-b),1.00E+22,3.00E+00,6.00E+00,1.00E-66,1.00E-66
x^a/x^b=x^(a-b),0.00E-01,3.00E+00,6.00E+00,9.077509367765565e+922,9.077509367765565e+922   
x^a/x^b=x^(a-b),1.79769313486231570000000000000000000000000000000000000000000000000000000000000000e+308,3.00E+00,6.00E+00,1.721287124801515e-925,1.721287124801515e-925
