x,openlibm,matlab,mpfr64,mpfr128,mathematica,
-2.225074e-308,0,0,0,0,0,
2.225074e-308,0,0,0,0,0,
-1.000000e+00,0,0,0,0,0,
1.000000e+00,0,0,0,0,0,
1.797693e+308,0,0,0,0,0,
-1.797693e+308,0,0,0,0,0,
