x,newlib,openlibm,matlab,maple,mpfr64,mpfr128,crlibm,intel-mkl,mathematica,
0.000000e+00,0,0,0,0,0,0,0,0,0,
1.000000e+00,0,0,0,30,0,0,0,0,0,
-1.000000e+00,1,1,1,31,0,0,1,1,1,
5.000000e-01,1,1,1,7,0,0,1,1,1,
-5.000000e-01,0,0,0,8,0,0,0,0,0,
7.071068e-01,1,1,1,3,0,0,1,1,1,
-7.071068e-01,0,0,0,4,0,0,0,0,0,
8.660254e-01,0,0,0,34,0,0,0,0,0,
-8.660254e-01,1,1,1,35,0,0,1,1,1,
0.000000e+00,0,0,0,0,0,0,0,0,0,
