x,newlib,openlibm,matlab,maple,mpfr64,mpfr128,crlibm,intel-mkl,libmcr,mathematica,
0.000000e+00,1.500000e+01,1.500000e+01,6.952890e-310,0.000000e+00,2.100000e+01,2.000000e+01,1.000000e+00,1.797693e+308,2.000000e+00,0.000000e+00,
-0.000000e+00,0.000000e+00,1.000000e+00,6.952890e-310,0.000000e+00,0.000000e+00,1.000000e+00,0.000000e+00,1.797693e+308,0.000000e+00,0.000000e+00,
