x,newlib,openlibm,matlab,mpfr64,mpfr128,crlibm,intel-mkl,libmcr,mathematica,
0.00000000000000000000,0,0,0,0,0,0,0,0,0,
-0.00000000000000000000,0,0,0,0,0,0,0,0,0,
