x,newlib,openlibm,matlab,maple,mpfr64,mpfr128,crlibm,intel-mkl,libmcr,mathematica,
0.00000000000000000000,0,0,0,0,0,0,0,0,0,0,
1.00000000000000000000,695364394481106,695364394481106,695364394481106,695364394481109,695364394481106,695364394481106,695364394481106,695364394481106,3747938329280700,695364394481106,
-1.00000000000000000000,695364394481106,695364394481106,695364394481106,695364394481109,695364394481105,695364394481105,695364394481106,695364394481106,3747938329280700,695364394481106,
0.57735026918962573106,115102198617247,115102198617247,115102198617247,115102198617254,115102198617247,115102198617247,115102198617247,115102198617247,1035919787555228,115102198617247,
-0.57735026918962573106,115102198617248,115102198617248,115102198617248,115102198617255,115102198617247,115102198617247,115102198617248,115102198617248,1035919787555227,115102198617248,
1.73205080756887719318,7819598371208898,7819598371208898,7819598371208898,7819598371208864,7819598371208898,7819598371208898,7819598371208898,7819598371208898,9218182904742668120,7819598371208898,
-1.73205080756887719318,7819598371208898,7819598371208898,7819598371208898,7819598371208864,7819598371208899,7819598371208899,7819598371208898,7819598371208898,9218182904742668120,7819598371208898,
