x,y,openlibm,matlab,mpfr64,mpfr128,mathematica,
12.00000000000000000000,            0.000000,0,4622945017495814144,0,0,4627448617123184640,
0.00000000000000000000,            0.000000,0,4503599627370496,0,0,4503599627370496,
0.00000000000000000000,            0.000000,0,9223372036854775806,0,0,4602678819172646912,
179769313486231550856124328384506240234343437157459335924404872448581845754556114388470639943126220321960804027157371570809852884964511743044087662767600909594331927728237078876188760579532563768698654064825262115771015791463983014857704008123419459386245141723703148097529108423358883457665451722744025579520.00000000000000000000,            0.000000,0,9214364837600034814,0,0,9223372036854775806,
0.00000000000000000000,            0.000000,0,4503599627370496,0,0,9007199254740992,
