x,y,openlibm,matlab,maple,mpfr64,mpfr128,mathematica,
1.200000e+01,0.000000e+00,0,4618441417868443648,272444953201174016,0,0,4627448617123184640,
2.225074e-308,0.000000e+00,0,4503599627370496,4890886371069617664,0,0,0,
0.000000e+00,0.000000e+00,0,9218868437227405311,4895389970696988160,0,0,4503599627370496,
1.797693e+308,0.000000e+00,0,9214364837600034814,4327962534907787647,0,0,4611686018427387903,
2.225074e-308,0.000000e+00,0,4503599627370497,4890886371069617663,0,0,9214364837600034814,
