x,y,openlibm,matlab,maple,mpfr64,mpfr128,mathematica,
2.225074e-308,0.000000e+00,0,0,4503599627370496,0,0,4503599627370496,
0.000000e+00,-2.225074e-308,0,0,0,0,0,4503599627370493,
1.797693e+308,1.797693e+308,0,0,9218868437227405311,0,0,9214364837600034818,
2.225074e-308,2.225074e-308,0,0,4503599627370497,0,0,4503599627370497,
